"cou","var","ind","est","sou","value"
"AUS","VALU","CTOTAL","EXT","MAIN","STANandBTD"
"AUS","VALU","CTOTAL","EXT","SEC","STANandBTDi4, UNSDSNA2013, UNDATA203CON"
"AUS","VALU","CTOTAL","DET","MAIN","PATCHEXT"
"AUS","VALU","CTOTAL","DET","SEC",""
"AUS","PROD","CTOTAL","EXT","MAIN","STANandBTD"
"AUS","PROD","CTOTAL","EXT","SEC","STANandBTDi4, UNSDSNA2013, UNDATA203CON"
"AUS","PROD","CTOTAL","DET","MAIN","PATCHEXT"
"AUS","PROD","CTOTAL","DET","SEC",""
"AUS","EMPN","CTOTAL","EXT","MAIN","STANandBTD"
"AUS","EMPN","CTOTAL","EXT","SEC","STANandBTDi4"
"AUS","EMPN","CTOTAL","DET","MAIN","PATCHEXT"
"AUS","EMPN","CTOTAL","DET","SEC","INDSTAT32"
"AUS","LABR","CTOTAL","EXT","MAIN","STANandBTD"
"AUS","LABR","CTOTAL","EXT","SEC","STANandBTDi4"
"AUS","LABR","CTOTAL","DET","MAIN","PATCHEXT"
"AUS","LABR","CTOTAL","DET","SEC","INDSTAT32"
"AUT","VALU","CTOTAL","EXT","MAIN","STANandBTD"
"AUT","VALU","CTOTAL","EXT","SEC","STANandBTDi4"
"AUT","VALU","CTOTAL","DET","MAIN","PATCHEXT"
"AUT","VALU","CTOTAL","DET","SEC","INDSTAT32"
"AUT","PROD","CTOTAL","EXT","MAIN","STANandBTD"
"AUT","PROD","CTOTAL","EXT","SEC","STANandBTDi4"
"AUT","PROD","CTOTAL","DET","MAIN","PATCHEXT"
"AUT","PROD","CTOTAL","DET","SEC","INDSTAT32"
"AUT","EMPN","CTOTAL","EXT","MAIN","STANandBTD"
"AUT","EMPN","CTOTAL","EXT","SEC","STANandBTDi4"
"AUT","EMPN","CTOTAL","DET","MAIN","PATCHEXT"
"AUT","EMPN","CTOTAL","DET","SEC","INDSTAT32"
"AUT","LABR","CTOTAL","EXT","MAIN","STANandBTD"
"AUT","LABR","CTOTAL","EXT","SEC","STANandBTDi4"
"AUT","LABR","CTOTAL","DET","MAIN","PATCHEXT"
"AUT","LABR","CTOTAL","DET","SEC","INDSTAT32"
"BEL","VALU","CTOTAL","EXT","MAIN","STANandBTD"
"BEL","VALU","CTOTAL","EXT","SEC","STANandBTDi4"
"BEL","VALU","CTOTAL","DET","MAIN","PATCHEXT"
"BEL","VALU","CTOTAL","DET","SEC","INDSTAT32"
"BEL","PROD","CTOTAL","EXT","MAIN","STANandBTD"
"BEL","PROD","CTOTAL","EXT","SEC","STANandBTDi4"
"BEL","PROD","CTOTAL","DET","MAIN","PATCHEXT"
"BEL","PROD","CTOTAL","DET","SEC","INDSTAT32"
"BEL","EMPN","CTOTAL","EXT","MAIN","STANandBTD"
"BEL","EMPN","CTOTAL","EXT","SEC","STANandBTDi4"
"BEL","EMPN","CTOTAL","DET","MAIN","PATCHEXT"
"BEL","EMPN","CTOTAL","DET","SEC","INDSTAT32"
"BEL","LABR","CTOTAL","EXT","MAIN","STANandBTD"
"BEL","LABR","CTOTAL","EXT","SEC","STANandBTDi4"
"BEL","LABR","CTOTAL","DET","MAIN","PATCHEXT"
"BEL","LABR","CTOTAL","DET","SEC","INDSTAT32"
"CAN","VALU","CTOTAL","EXT","MAIN","STANandBTD"
"CAN","VALU","CTOTAL","EXT","SEC","STANandBTDi4"
"CAN","VALU","CTOTAL","DET","MAIN","PATCHEXT"
"CAN","VALU","CTOTAL","DET","SEC","STANandBTDi4, INDSTAT32"
"CAN","PROD","CTOTAL","EXT","MAIN","STANandBTD"
"CAN","PROD","CTOTAL","EXT","SEC","STANandBTDi4"
"CAN","PROD","CTOTAL","DET","MAIN","PATCHEXT"
"CAN","PROD","CTOTAL","DET","SEC","STANandBTDi4, INDSTAT32"
"CAN","EMPN","CTOTAL","EXT","MAIN","STANandBTD"
"CAN","EMPN","CTOTAL","EXT","SEC","STANandBTDi4"
"CAN","EMPN","CTOTAL","DET","MAIN","PATCHEXT"
"CAN","EMPN","CTOTAL","DET","SEC","STANandBTDi4, INDSTAT32"
"CAN","LABR","CTOTAL","EXT","MAIN","STANandBTD"
"CAN","LABR","CTOTAL","EXT","SEC","STANandBTDi4"
"CAN","LABR","CTOTAL","DET","MAIN","PATCHEXT"
"CAN","LABR","CTOTAL","DET","SEC","STANandBTDi4, INDSTAT32"
"CHE","VALU","CTOTAL","EXT","MAIN","UNDATA203CON"
"CHE","VALU","CTOTAL","EXT","SEC","UNSDSNA2013"
"CHE","VALU","CTOTAL","DET","MAIN","PATCHEXT"
"CHE","VALU","CTOTAL","DET","SEC","INDSTAT32"
"CHE","PROD","CTOTAL","EXT","MAIN","UNDATA203CON"
"CHE","PROD","CTOTAL","EXT","SEC","UNSDSNA2013"
"CHE","PROD","CTOTAL","DET","MAIN","PATCHEXT"
"CHE","PROD","CTOTAL","DET","SEC","INDSTAT32"
"CHE","EMPN","CTOTAL","EXT","MAIN","STANandBTD"
"CHE","EMPN","CTOTAL","EXT","SEC","STANandBTDi4"
"CHE","EMPN","CTOTAL","DET","MAIN","PATCHEXT"
"CHE","EMPN","CTOTAL","DET","SEC","INDSTAT32"
"CHE","LABR","CTOTAL","EXT","MAIN","STANandBTD"
"CHE","LABR","CTOTAL","EXT","SEC","STANandBTDi4"
"CHE","LABR","CTOTAL","DET","MAIN","PATCHEXT"
"CHE","LABR","CTOTAL","DET","SEC","INDSTAT32"
"CHL","VALU","CTOTAL","EXT","MAIN","UNDATA203CON"
"CHL","VALU","CTOTAL","EXT","SEC","UNSDSNA2013"
"CHL","VALU","CTOTAL","DET","MAIN","UNDATA203CON"
"CHL","VALU","CTOTAL","DET","SEC","INDSTAT32"
"CHL","PROD","CTOTAL","EXT","MAIN","UNDATA203CON"
"CHL","PROD","CTOTAL","EXT","SEC","UNSDSNA2013"
"CHL","PROD","CTOTAL","DET","MAIN","UNDATA203CON"
"CHL","PROD","CTOTAL","DET","SEC","INDSTAT32"
"CHL","EMPN","CTOTAL","EXT","MAIN","STANandBTD"
"CHL","EMPN","CTOTAL","EXT","SEC","STANandBTDi4"
"CHL","EMPN","CTOTAL","DET","MAIN","PATCHEXT"
"CHL","EMPN","CTOTAL","DET","SEC","INDSTAT32"
"CHL","LABR","CTOTAL","EXT","MAIN","STANandBTD"
"CHL","LABR","CTOTAL","EXT","SEC","STANandBTDi4"
"CHL","LABR","CTOTAL","DET","MAIN","PATCHEXT"
"CHL","LABR","CTOTAL","DET","SEC","INDSTAT32"
"CZE","VALU","CTOTAL","EXT","MAIN","STANandBTD"
"CZE","VALU","CTOTAL","EXT","SEC","STANandBTDi4"
"CZE","VALU","CTOTAL","DET","MAIN","PATCHEXT"
"CZE","VALU","CTOTAL","DET","SEC","INDSTAT32"
"CZE","PROD","CTOTAL","EXT","MAIN","STANandBTD"
"CZE","PROD","CTOTAL","EXT","SEC","STANandBTDi4"
"CZE","PROD","CTOTAL","DET","MAIN","PATCHEXT"
"CZE","PROD","CTOTAL","DET","SEC","INDSTAT32"
"CZE","EMPN","CTOTAL","EXT","MAIN","STANandBTD"
"CZE","EMPN","CTOTAL","EXT","SEC","STANandBTDi4"
"CZE","EMPN","CTOTAL","DET","MAIN","PATCHEXT"
"CZE","EMPN","CTOTAL","DET","SEC","INDSTAT32"
"CZE","LABR","CTOTAL","EXT","MAIN","STANandBTD"
"CZE","LABR","CTOTAL","EXT","SEC","STANandBTDi4"
"CZE","LABR","CTOTAL","DET","MAIN","PATCHEXT"
"CZE","LABR","CTOTAL","DET","SEC","INDSTAT32"
"DEU","VALU","CTOTAL","EXT","MAIN","STANandBTD"
"DEU","VALU","CTOTAL","EXT","SEC","STANandBTDi4, UNSDSNA2013, UNDATA203CON"
"DEU","VALU","CTOTAL","DET","MAIN","PATCHEXT"
"DEU","VALU","CTOTAL","DET","SEC",""
"DEU","PROD","CTOTAL","EXT","MAIN","STANandBTD"
"DEU","PROD","CTOTAL","EXT","SEC","STANandBTDi4, UNSDSNA2013, UNDATA203CON"
"DEU","PROD","CTOTAL","DET","MAIN","PATCHEXT"
"DEU","PROD","CTOTAL","DET","SEC",""
"DEU","EMPN","CTOTAL","EXT","MAIN","STANandBTD"
"DEU","EMPN","CTOTAL","EXT","SEC","STANandBTDi4"
"DEU","EMPN","CTOTAL","DET","MAIN","PATCHEXT"
"DEU","EMPN","CTOTAL","DET","SEC","INDSTAT32"
"DEU","LABR","CTOTAL","EXT","MAIN","STANandBTD"
"DEU","LABR","CTOTAL","EXT","SEC","STANandBTDi4"
"DEU","LABR","CTOTAL","DET","MAIN","PATCHEXT"
"DEU","LABR","CTOTAL","DET","SEC","INDSTAT32"
"DNK","VALU","CTOTAL","EXT","MAIN","STANandBTD"
"DNK","VALU","CTOTAL","EXT","SEC","STANandBTDi4"
"DNK","VALU","CTOTAL","DET","MAIN","PATCHEXT"
"DNK","VALU","CTOTAL","DET","SEC","INDSTAT32"
"DNK","PROD","CTOTAL","EXT","MAIN","STANandBTD"
"DNK","PROD","CTOTAL","EXT","SEC","STANandBTDi4"
"DNK","PROD","CTOTAL","DET","MAIN","PATCHEXT"
"DNK","PROD","CTOTAL","DET","SEC","INDSTAT32"
"DNK","EMPN","CTOTAL","EXT","MAIN","STANandBTD"
"DNK","EMPN","CTOTAL","EXT","SEC","STANandBTDi4"
"DNK","EMPN","CTOTAL","DET","MAIN","PATCHEXT"
"DNK","EMPN","CTOTAL","DET","SEC","INDSTAT32"
"DNK","LABR","CTOTAL","EXT","MAIN","STANandBTD"
"DNK","LABR","CTOTAL","EXT","SEC","STANandBTDi4"
"DNK","LABR","CTOTAL","DET","MAIN","PATCHEXT"
"DNK","LABR","CTOTAL","DET","SEC","INDSTAT32"
"ESP","VALU","CTOTAL","EXT","MAIN","STANandBTD"
"ESP","VALU","CTOTAL","EXT","SEC","STANandBTDi4"
"ESP","VALU","CTOTAL","DET","MAIN","PATCHEXT"
"ESP","VALU","CTOTAL","DET","SEC","INDSTAT32"
"ESP","PROD","CTOTAL","EXT","MAIN","STANandBTD"
"ESP","PROD","CTOTAL","EXT","SEC","STANandBTDi4"
"ESP","PROD","CTOTAL","DET","MAIN","PATCHEXT"
"ESP","PROD","CTOTAL","DET","SEC","INDSTAT32"
"ESP","EMPN","CTOTAL","EXT","MAIN","STANandBTD"
"ESP","EMPN","CTOTAL","EXT","SEC","STANandBTDi4"
"ESP","EMPN","CTOTAL","DET","MAIN","PATCHEXT"
"ESP","EMPN","CTOTAL","DET","SEC","INDSTAT32"
"ESP","LABR","CTOTAL","EXT","MAIN","STANandBTD"
"ESP","LABR","CTOTAL","EXT","SEC","STANandBTDi4"
"ESP","LABR","CTOTAL","DET","MAIN","PATCHEXT"
"ESP","LABR","CTOTAL","DET","SEC","INDSTAT32"
"EST","VALU","CTOTAL","EXT","MAIN","STANandBTD"
"EST","VALU","CTOTAL","EXT","SEC","STANandBTDi4"
"EST","VALU","CTOTAL","DET","MAIN","PATCHEXT"
"EST","VALU","CTOTAL","DET","SEC","INDSTAT32"
"EST","PROD","CTOTAL","EXT","MAIN","STANandBTD"
"EST","PROD","CTOTAL","EXT","SEC","STANandBTDi4"
"EST","PROD","CTOTAL","DET","MAIN","PATCHEXT"
"EST","PROD","CTOTAL","DET","SEC","INDSTAT32"
"EST","EMPN","CTOTAL","EXT","MAIN","STANandBTD"
"EST","EMPN","CTOTAL","EXT","SEC","STANandBTDi4"
"EST","EMPN","CTOTAL","DET","MAIN","PATCHEXT"
"EST","EMPN","CTOTAL","DET","SEC","INDSTAT32"
"EST","LABR","CTOTAL","EXT","MAIN","STANandBTD"
"EST","LABR","CTOTAL","EXT","SEC","STANandBTDi4"
"EST","LABR","CTOTAL","DET","MAIN","PATCHEXT"
"EST","LABR","CTOTAL","DET","SEC","INDSTAT32"
"FIN","VALU","CTOTAL","EXT","MAIN","STANandBTD"
"FIN","VALU","CTOTAL","EXT","SEC","STANandBTDi4"
"FIN","VALU","CTOTAL","DET","MAIN","PATCHEXT"
"FIN","VALU","CTOTAL","DET","SEC","INDSTAT32"
"FIN","PROD","CTOTAL","EXT","MAIN","STANandBTD"
"FIN","PROD","CTOTAL","EXT","SEC","STANandBTDi4"
"FIN","PROD","CTOTAL","DET","MAIN","PATCHEXT"
"FIN","PROD","CTOTAL","DET","SEC","INDSTAT32"
"FIN","EMPN","CTOTAL","EXT","MAIN","STANandBTD"
"FIN","EMPN","CTOTAL","EXT","SEC","STANandBTDi4"
"FIN","EMPN","CTOTAL","DET","MAIN","PATCHEXT"
"FIN","EMPN","CTOTAL","DET","SEC","INDSTAT32"
"FIN","LABR","CTOTAL","EXT","MAIN","STANandBTD"
"FIN","LABR","CTOTAL","EXT","SEC","STANandBTDi4"
"FIN","LABR","CTOTAL","DET","MAIN","PATCHEXT"
"FIN","LABR","CTOTAL","DET","SEC","INDSTAT32"
"FRA","VALU","CTOTAL","EXT","MAIN","STANandBTD"
"FRA","VALU","CTOTAL","EXT","SEC","STANandBTDi4"
"FRA","VALU","CTOTAL","DET","MAIN","PATCHEXT"
"FRA","VALU","CTOTAL","DET","SEC","INDSTAT32"
"FRA","PROD","CTOTAL","EXT","MAIN","STANandBTD"
"FRA","PROD","CTOTAL","EXT","SEC","STANandBTDi4"
"FRA","PROD","CTOTAL","DET","MAIN","PATCHEXT"
"FRA","PROD","CTOTAL","DET","SEC","INDSTAT32"
"FRA","EMPN","CTOTAL","EXT","MAIN","STANandBTD"
"FRA","EMPN","CTOTAL","EXT","SEC","STANandBTDi4"
"FRA","EMPN","CTOTAL","DET","MAIN","PATCHEXT"
"FRA","EMPN","CTOTAL","DET","SEC","INDSTAT32"
"FRA","LABR","CTOTAL","EXT","MAIN","STANandBTD"
"FRA","LABR","CTOTAL","EXT","SEC","STANandBTDi4"
"FRA","LABR","CTOTAL","DET","MAIN","PATCHEXT"
"FRA","LABR","CTOTAL","DET","SEC","INDSTAT32"
"GBR","VALU","CTOTAL","EXT","MAIN","STANandBTD"
"GBR","VALU","CTOTAL","EXT","SEC","STANandBTDi4"
"GBR","VALU","CTOTAL","DET","MAIN","PATCHEXT"
"GBR","VALU","CTOTAL","DET","SEC","INDSTAT32"
"GBR","PROD","CTOTAL","EXT","MAIN","STANandBTD"
"GBR","PROD","CTOTAL","EXT","SEC","STANandBTDi4"
"GBR","PROD","CTOTAL","DET","MAIN","PATCHEXT"
"GBR","PROD","CTOTAL","DET","SEC","INDSTAT32"
"GBR","EMPN","CTOTAL","EXT","MAIN","STANandBTD"
"GBR","EMPN","CTOTAL","EXT","SEC","STANandBTDi4"
"GBR","EMPN","CTOTAL","DET","MAIN","PATCHEXT"
"GBR","EMPN","CTOTAL","DET","SEC","INDSTAT32"
"GBR","LABR","CTOTAL","EXT","MAIN","STANandBTD"
"GBR","LABR","CTOTAL","EXT","SEC","STANandBTDi4"
"GBR","LABR","CTOTAL","DET","MAIN","PATCHEXT"
"GBR","LABR","CTOTAL","DET","SEC","INDSTAT32"
"GRC","VALU","CTOTAL","EXT","MAIN","STANandBTD"
"GRC","VALU","CTOTAL","EXT","SEC","STANandBTDi4"
"GRC","VALU","CTOTAL","DET","MAIN","PATCHEXT"
"GRC","VALU","CTOTAL","DET","SEC","INDSTAT32"
"GRC","PROD","CTOTAL","EXT","MAIN","STANandBTD"
"GRC","PROD","CTOTAL","EXT","SEC","STANandBTDi4"
"GRC","PROD","CTOTAL","DET","MAIN","PATCHEXT"
"GRC","PROD","CTOTAL","DET","SEC","INDSTAT32"
"GRC","EMPN","CTOTAL","EXT","MAIN","STANandBTD"
"GRC","EMPN","CTOTAL","EXT","SEC","STANandBTDi4"
"GRC","EMPN","CTOTAL","DET","MAIN","PATCHEXT"
"GRC","EMPN","CTOTAL","DET","SEC","INDSTAT32"
"GRC","LABR","CTOTAL","EXT","MAIN","STANandBTD"
"GRC","LABR","CTOTAL","EXT","SEC","STANandBTDi4"
"GRC","LABR","CTOTAL","DET","MAIN","PATCHEXT"
"GRC","LABR","CTOTAL","DET","SEC","INDSTAT32"
"HUN","VALU","CTOTAL","EXT","MAIN","STANandBTD"
"HUN","VALU","CTOTAL","EXT","SEC","STANandBTDi4"
"HUN","VALU","CTOTAL","DET","MAIN","PATCHEXT"
"HUN","VALU","CTOTAL","DET","SEC","INDSTAT32"
"HUN","PROD","CTOTAL","EXT","MAIN","STANandBTD"
"HUN","PROD","CTOTAL","EXT","SEC","STANandBTDi4"
"HUN","PROD","CTOTAL","DET","MAIN","PATCHEXT"
"HUN","PROD","CTOTAL","DET","SEC","INDSTAT32"
"HUN","EMPN","CTOTAL","EXT","MAIN","STANandBTD"
"HUN","EMPN","CTOTAL","EXT","SEC","STANandBTDi4"
"HUN","EMPN","CTOTAL","DET","MAIN","PATCHEXT"
"HUN","EMPN","CTOTAL","DET","SEC","INDSTAT32"
"HUN","LABR","CTOTAL","EXT","MAIN","STANandBTD"
"HUN","LABR","CTOTAL","EXT","SEC","STANandBTDi4"
"HUN","LABR","CTOTAL","DET","MAIN","PATCHEXT"
"HUN","LABR","CTOTAL","DET","SEC","INDSTAT32"
"IRL","VALU","CTOTAL","EXT","MAIN","STANandBTD"
"IRL","VALU","CTOTAL","EXT","SEC","STANandBTDi4, UNSDSNA2013, UNDATA203CON"
"IRL","VALU","CTOTAL","DET","MAIN","PATCHEXT"
"IRL","VALU","CTOTAL","DET","SEC",""
"IRL","PROD","CTOTAL","EXT","MAIN","STANandBTD"
"IRL","PROD","CTOTAL","EXT","SEC","STANandBTDi4, UNSDSNA2013, UNDATA203CON"
"IRL","PROD","CTOTAL","DET","MAIN","PATCHEXT"
"IRL","PROD","CTOTAL","DET","SEC",""
"IRL","EMPN","CTOTAL","EXT","MAIN","STANandBTD"
"IRL","EMPN","CTOTAL","EXT","SEC","STANandBTDi4"
"IRL","EMPN","CTOTAL","DET","MAIN","PATCHEXT"
"IRL","EMPN","CTOTAL","DET","SEC","INDSTAT32"
"IRL","LABR","CTOTAL","EXT","MAIN","STANandBTD"
"IRL","LABR","CTOTAL","EXT","SEC","STANandBTDi4"
"IRL","LABR","CTOTAL","DET","MAIN","PATCHEXT"
"IRL","LABR","CTOTAL","DET","SEC","INDSTAT32"
"ISL","VALU","CTOTAL","EXT","MAIN","STANandBTD"
"ISL","VALU","CTOTAL","EXT","SEC","STANandBTDi4"
"ISL","VALU","CTOTAL","DET","MAIN","PATCHEXT"
"ISL","VALU","CTOTAL","DET","SEC","INDSTAT32"
"ISL","PROD","CTOTAL","EXT","MAIN","STANandBTD"
"ISL","PROD","CTOTAL","EXT","SEC","STANandBTDi4"
"ISL","PROD","CTOTAL","DET","MAIN","PATCHEXT"
"ISL","PROD","CTOTAL","DET","SEC","INDSTAT32"
"ISL","EMPN","CTOTAL","EXT","MAIN","STANandBTD"
"ISL","EMPN","CTOTAL","EXT","SEC","STANandBTDi4"
"ISL","EMPN","CTOTAL","DET","MAIN","PATCHEXT"
"ISL","EMPN","CTOTAL","DET","SEC","INDSTAT32"
"ISL","LABR","CTOTAL","EXT","MAIN","STANandBTD"
"ISL","LABR","CTOTAL","EXT","SEC","STANandBTDi4"
"ISL","LABR","CTOTAL","DET","MAIN","PATCHEXT"
"ISL","LABR","CTOTAL","DET","SEC","INDSTAT32"
"ISR","VALU","CTOTAL","EXT","MAIN","STANandBTD"
"ISR","VALU","CTOTAL","EXT","SEC","STANandBTDi4"
"ISR","VALU","CTOTAL","DET","MAIN","PATCHEXT"
"ISR","VALU","CTOTAL","DET","SEC","INDSTAT32"
"ISR","PROD","CTOTAL","EXT","MAIN","STANandBTD"
"ISR","PROD","CTOTAL","EXT","SEC","STANandBTDi4"
"ISR","PROD","CTOTAL","DET","MAIN","PATCHEXT"
"ISR","PROD","CTOTAL","DET","SEC","INDSTAT32"
"ISR","EMPN","CTOTAL","EXT","MAIN","STANandBTD"
"ISR","EMPN","CTOTAL","EXT","SEC","STANandBTDi4"
"ISR","EMPN","CTOTAL","DET","MAIN","PATCHEXT"
"ISR","EMPN","CTOTAL","DET","SEC","INDSTAT32"
"ISR","LABR","CTOTAL","EXT","MAIN","STANandBTD"
"ISR","LABR","CTOTAL","EXT","SEC","STANandBTDi4"
"ISR","LABR","CTOTAL","DET","MAIN","PATCHEXT"
"ISR","LABR","CTOTAL","DET","SEC","INDSTAT32"
"ITA","VALU","CTOTAL","EXT","MAIN","STANandBTD"
"ITA","VALU","CTOTAL","EXT","SEC","STANandBTDi4"
"ITA","VALU","CTOTAL","DET","MAIN","PATCHEXT"
"ITA","VALU","CTOTAL","DET","SEC","INDSTAT32"
"ITA","PROD","CTOTAL","EXT","MAIN","STANandBTD"
"ITA","PROD","CTOTAL","EXT","SEC","STANandBTDi4"
"ITA","PROD","CTOTAL","DET","MAIN","PATCHEXT"
"ITA","PROD","CTOTAL","DET","SEC","INDSTAT32"
"ITA","EMPN","CTOTAL","EXT","MAIN","STANandBTD"
"ITA","EMPN","CTOTAL","EXT","SEC","STANandBTDi4"
"ITA","EMPN","CTOTAL","DET","MAIN","PATCHEXT"
"ITA","EMPN","CTOTAL","DET","SEC","INDSTAT32"
"ITA","LABR","CTOTAL","EXT","MAIN","STANandBTD"
"ITA","LABR","CTOTAL","EXT","SEC","STANandBTDi4"
"ITA","LABR","CTOTAL","DET","MAIN","PATCHEXT"
"ITA","LABR","CTOTAL","DET","SEC","INDSTAT32"
"JPN","VALU","CTOTAL","EXT","MAIN","STANandBTD"
"JPN","VALU","CTOTAL","EXT","SEC","STANandBTDi4, UNSDSNA2013, UNDATA203CON"
"JPN","VALU","CTOTAL","DET","MAIN","PATCHEXT"
"JPN","VALU","CTOTAL","DET","SEC","INDSTAT32"
"JPN","PROD","CTOTAL","EXT","MAIN","STANandBTD"
"JPN","PROD","CTOTAL","EXT","SEC","STANandBTDi4, UNSDSNA2013, UNDATA203CON"
"JPN","PROD","CTOTAL","DET","MAIN","PATCHEXT"
"JPN","PROD","CTOTAL","DET","SEC","INDSTAT32"
"JPN","EMPN","CTOTAL","EXT","MAIN","STANandBTD"
"JPN","EMPN","CTOTAL","EXT","SEC","STANandBTDi4"
"JPN","EMPN","CTOTAL","DET","MAIN","PATCHEXT"
"JPN","EMPN","CTOTAL","DET","SEC","INDSTAT32"
"JPN","LABR","CTOTAL","EXT","MAIN","STANandBTD"
"JPN","LABR","CTOTAL","EXT","SEC","STANandBTDi4"
"JPN","LABR","CTOTAL","DET","MAIN","PATCHEXT"
"JPN","LABR","CTOTAL","DET","SEC","INDSTAT32"
"KOR","VALU","CTOTAL","EXT","MAIN","STANandBTD"
"KOR","VALU","CTOTAL","EXT","SEC","STANandBTDi4"
"KOR","VALU","CTOTAL","DET","MAIN","PATCHEXT"
"KOR","VALU","CTOTAL","DET","SEC","INDSTAT32"
"KOR","PROD","CTOTAL","EXT","MAIN","STANandBTD"
"KOR","PROD","CTOTAL","EXT","SEC","STANandBTDi4"
"KOR","PROD","CTOTAL","DET","MAIN","PATCHEXT"
"KOR","PROD","CTOTAL","DET","SEC","INDSTAT32"
"KOR","EMPN","CTOTAL","EXT","MAIN","STANandBTD"
"KOR","EMPN","CTOTAL","EXT","SEC","STANandBTDi4"
"KOR","EMPN","CTOTAL","DET","MAIN","PATCHEXT"
"KOR","EMPN","CTOTAL","DET","SEC","INDSTAT32"
"KOR","LABR","CTOTAL","EXT","MAIN","STANandBTD"
"KOR","LABR","CTOTAL","EXT","SEC","STANandBTDi4"
"KOR","LABR","CTOTAL","DET","MAIN","PATCHEXT"
"KOR","LABR","CTOTAL","DET","SEC","INDSTAT32"
"LUX","VALU","CTOTAL","EXT","MAIN","STANandBTD"
"LUX","VALU","CTOTAL","EXT","SEC","STANandBTDi4"
"LUX","VALU","CTOTAL","DET","MAIN","PATCHEXT"
"LUX","VALU","CTOTAL","DET","SEC","INDSTAT32"
"LUX","PROD","CTOTAL","EXT","MAIN","STANandBTD"
"LUX","PROD","CTOTAL","EXT","SEC","STANandBTDi4"
"LUX","PROD","CTOTAL","DET","MAIN","PATCHEXT"
"LUX","PROD","CTOTAL","DET","SEC","INDSTAT32"
"LUX","EMPN","CTOTAL","EXT","MAIN","STANandBTD"
"LUX","EMPN","CTOTAL","EXT","SEC","STANandBTDi4"
"LUX","EMPN","CTOTAL","DET","MAIN","PATCHEXT"
"LUX","EMPN","CTOTAL","DET","SEC","INDSTAT32"
"LUX","LABR","CTOTAL","EXT","MAIN","STANandBTD"
"LUX","LABR","CTOTAL","EXT","SEC","STANandBTDi4"
"LUX","LABR","CTOTAL","DET","MAIN","PATCHEXT"
"LUX","LABR","CTOTAL","DET","SEC","INDSTAT32"
"MEX","VALU","CTOTAL","EXT","MAIN","STANandBTD"
"MEX","VALU","CTOTAL","EXT","SEC","STANandBTDi4"
"MEX","VALU","CTOTAL","DET","MAIN","PATCHEXT"
"MEX","VALU","CTOTAL","DET","SEC","INDSTAT32"
"MEX","PROD","CTOTAL","EXT","MAIN","STANandBTD"
"MEX","PROD","CTOTAL","EXT","SEC","STANandBTDi4"
"MEX","PROD","CTOTAL","DET","MAIN","PATCHEXT"
"MEX","PROD","CTOTAL","DET","SEC","INDSTAT32"
"MEX","EMPN","CTOTAL","EXT","MAIN","STANandBTD"
"MEX","EMPN","CTOTAL","EXT","SEC","STANandBTDi4"
"MEX","EMPN","CTOTAL","DET","MAIN","PATCHEXT"
"MEX","EMPN","CTOTAL","DET","SEC","INDSTAT32"
"MEX","LABR","CTOTAL","EXT","MAIN","STANandBTD"
"MEX","LABR","CTOTAL","EXT","SEC","STANandBTDi4"
"MEX","LABR","CTOTAL","DET","MAIN","PATCHEXT"
"MEX","LABR","CTOTAL","DET","SEC","INDSTAT32"
"NLD","VALU","CTOTAL","EXT","MAIN","STANandBTD"
"NLD","VALU","CTOTAL","EXT","SEC","STANandBTDi4"
"NLD","VALU","CTOTAL","DET","MAIN","PATCHEXT"
"NLD","VALU","CTOTAL","DET","SEC","INDSTAT32"
"NLD","PROD","CTOTAL","EXT","MAIN","STANandBTD"
"NLD","PROD","CTOTAL","EXT","SEC","STANandBTDi4"
"NLD","PROD","CTOTAL","DET","MAIN","PATCHEXT"
"NLD","PROD","CTOTAL","DET","SEC","INDSTAT32"
"NLD","EMPN","CTOTAL","EXT","MAIN","STANandBTD"
"NLD","EMPN","CTOTAL","EXT","SEC","STANandBTDi4"
"NLD","EMPN","CTOTAL","DET","MAIN","PATCHEXT"
"NLD","EMPN","CTOTAL","DET","SEC","INDSTAT32"
"NLD","LABR","CTOTAL","EXT","MAIN","STANandBTD"
"NLD","LABR","CTOTAL","EXT","SEC","STANandBTDi4"
"NLD","LABR","CTOTAL","DET","MAIN","PATCHEXT"
"NLD","LABR","CTOTAL","DET","SEC","INDSTAT32"
"NOR","VALU","CTOTAL","EXT","MAIN","NSONAPATCH"
"NOR","VALU","CTOTAL","EXT","SEC","EUNAMAR2"
"NOR","VALU","CTOTAL","DET","MAIN","PATCHEXT"
"NOR","VALU","CTOTAL","DET","SEC","INDSTAT32"
"NOR","PROD","CTOTAL","EXT","MAIN","NSONAPATCH"
"NOR","PROD","CTOTAL","EXT","SEC","EUNAMAR2"
"NOR","PROD","CTOTAL","DET","MAIN","PATCHEXT"
"NOR","PROD","CTOTAL","DET","SEC","INDSTAT32"
"NOR","EMPN","CTOTAL","EXT","MAIN","NSONAPATCH"
"NOR","EMPN","CTOTAL","EXT","SEC","STANandBTDi4"
"NOR","EMPN","CTOTAL","DET","MAIN","PATCHEXT"
"NOR","EMPN","CTOTAL","DET","SEC","INDSTAT32"
"NOR","LABR","CTOTAL","EXT","MAIN","NSONAPATCH"
"NOR","LABR","CTOTAL","EXT","SEC","STANandBTDi4"
"NOR","LABR","CTOTAL","DET","MAIN","PATCHEXT"
"NOR","LABR","CTOTAL","DET","SEC","INDSTAT32"
"NZL","VALU","CTOTAL","EXT","MAIN","STANandBTD"
"NZL","VALU","CTOTAL","EXT","SEC","STANandBTDi4"
"NZL","VALU","CTOTAL","DET","MAIN","PATCHEXT"
"NZL","VALU","CTOTAL","DET","SEC","INDSTAT32"
"NZL","PROD","CTOTAL","EXT","MAIN","STANandBTD"
"NZL","PROD","CTOTAL","EXT","SEC","STANandBTDi4"
"NZL","PROD","CTOTAL","DET","MAIN","PATCHEXT"
"NZL","PROD","CTOTAL","DET","SEC","INDSTAT32"
"NZL","EMPN","CTOTAL","EXT","MAIN","STANandBTD"
"NZL","EMPN","CTOTAL","EXT","SEC","STANandBTDi4"
"NZL","EMPN","CTOTAL","DET","MAIN","PATCHEXT"
"NZL","EMPN","CTOTAL","DET","SEC","INDSTAT32"
"NZL","LABR","CTOTAL","EXT","MAIN","STANandBTD"
"NZL","LABR","CTOTAL","EXT","SEC","STANandBTDi4"
"NZL","LABR","CTOTAL","DET","MAIN","PATCHEXT"
"NZL","LABR","CTOTAL","DET","SEC","INDSTAT32"
"POL","VALU","CTOTAL","EXT","MAIN","STANandBTD"
"POL","VALU","CTOTAL","EXT","SEC","STANandBTDi4"
"POL","VALU","CTOTAL","DET","MAIN","PATCHEXT"
"POL","VALU","CTOTAL","DET","SEC","INDSTAT32"
"POL","PROD","CTOTAL","EXT","MAIN","STANandBTD"
"POL","PROD","CTOTAL","EXT","SEC","STANandBTDi4"
"POL","PROD","CTOTAL","DET","MAIN","PATCHEXT"
"POL","PROD","CTOTAL","DET","SEC","INDSTAT32"
"POL","EMPN","CTOTAL","EXT","MAIN","STANandBTD"
"POL","EMPN","CTOTAL","EXT","SEC","STANandBTDi4"
"POL","EMPN","CTOTAL","DET","MAIN","PATCHEXT"
"POL","EMPN","CTOTAL","DET","SEC","INDSTAT32"
"POL","LABR","CTOTAL","EXT","MAIN","STANandBTD"
"POL","LABR","CTOTAL","EXT","SEC","STANandBTDi4"
"POL","LABR","CTOTAL","DET","MAIN","PATCHEXT"
"POL","LABR","CTOTAL","DET","SEC","INDSTAT32"
"PRT","VALU","CTOTAL","EXT","MAIN","UNDATA203CON"
"PRT","VALU","CTOTAL","EXT","SEC","UNSDSNA2013"
"PRT","VALU","CTOTAL","DET","MAIN","PATCHEXT"
"PRT","VALU","CTOTAL","DET","SEC","INDSTAT32"
"PRT","PROD","CTOTAL","EXT","MAIN","UNDATA203CON"
"PRT","PROD","CTOTAL","EXT","SEC","UNSDSNA2013"
"PRT","PROD","CTOTAL","DET","MAIN","PATCHEXT"
"PRT","PROD","CTOTAL","DET","SEC","INDSTAT32"
"PRT","EMPN","CTOTAL","EXT","MAIN","STANandBTD"
"PRT","EMPN","CTOTAL","EXT","SEC","STANandBTDi4"
"PRT","EMPN","CTOTAL","DET","MAIN","PATCHEXT"
"PRT","EMPN","CTOTAL","DET","SEC","INDSTAT32"
"PRT","LABR","CTOTAL","EXT","MAIN","STANandBTD"
"PRT","LABR","CTOTAL","EXT","SEC","STANandBTDi4"
"PRT","LABR","CTOTAL","DET","MAIN","PATCHEXT"
"PRT","LABR","CTOTAL","DET","SEC","INDSTAT32"
"SVK","VALU","CTOTAL","EXT","MAIN","STANandBTD"
"SVK","VALU","CTOTAL","EXT","SEC","STANandBTDi4"
"SVK","VALU","CTOTAL","DET","MAIN","PATCHEXT"
"SVK","VALU","CTOTAL","DET","SEC","INDSTAT32"
"SVK","PROD","CTOTAL","EXT","MAIN","STANandBTD"
"SVK","PROD","CTOTAL","EXT","SEC","STANandBTDi4"
"SVK","PROD","CTOTAL","DET","MAIN","PATCHEXT"
"SVK","PROD","CTOTAL","DET","SEC","INDSTAT32"
"SVK","EMPN","CTOTAL","EXT","MAIN","STANandBTD"
"SVK","EMPN","CTOTAL","EXT","SEC","STANandBTDi4"
"SVK","EMPN","CTOTAL","DET","MAIN","PATCHEXT"
"SVK","EMPN","CTOTAL","DET","SEC","INDSTAT32"
"SVK","LABR","CTOTAL","EXT","MAIN","STANandBTD"
"SVK","LABR","CTOTAL","EXT","SEC","STANandBTDi4"
"SVK","LABR","CTOTAL","DET","MAIN","PATCHEXT"
"SVK","LABR","CTOTAL","DET","SEC","INDSTAT32"
"SVN","VALU","CTOTAL","EXT","MAIN","STANandBTD"
"SVN","VALU","CTOTAL","EXT","SEC","STANandBTDi4"
"SVN","VALU","CTOTAL","DET","MAIN","PATCHEXT"
"SVN","VALU","CTOTAL","DET","SEC","INDSTAT32"
"SVN","PROD","CTOTAL","EXT","MAIN","STANandBTD"
"SVN","PROD","CTOTAL","EXT","SEC","STANandBTDi4"
"SVN","PROD","CTOTAL","DET","MAIN","PATCHEXT"
"SVN","PROD","CTOTAL","DET","SEC","INDSTAT32"
"SVN","EMPN","CTOTAL","EXT","MAIN","STANandBTD"
"SVN","EMPN","CTOTAL","EXT","SEC","STANandBTDi4"
"SVN","EMPN","CTOTAL","DET","MAIN","PATCHEXT"
"SVN","EMPN","CTOTAL","DET","SEC","INDSTAT32"
"SVN","LABR","CTOTAL","EXT","MAIN","STANandBTD"
"SVN","LABR","CTOTAL","EXT","SEC","STANandBTDi4"
"SVN","LABR","CTOTAL","DET","MAIN","PATCHEXT"
"SVN","LABR","CTOTAL","DET","SEC","INDSTAT32"
"SWE","VALU","CTOTAL","EXT","MAIN","STANandBTD"
"SWE","VALU","CTOTAL","EXT","SEC","STANandBTDi4"
"SWE","VALU","CTOTAL","DET","MAIN","PATCHEXT"
"SWE","VALU","CTOTAL","DET","SEC","INDSTAT32"
"SWE","PROD","CTOTAL","EXT","MAIN","STANandBTD"
"SWE","PROD","CTOTAL","EXT","SEC","STANandBTDi4"
"SWE","PROD","CTOTAL","DET","MAIN","PATCHEXT"
"SWE","PROD","CTOTAL","DET","SEC","INDSTAT32"
"SWE","EMPN","CTOTAL","EXT","MAIN","STANandBTD"
"SWE","EMPN","CTOTAL","EXT","SEC","STANandBTDi4"
"SWE","EMPN","CTOTAL","DET","MAIN","PATCHEXT"
"SWE","EMPN","CTOTAL","DET","SEC","INDSTAT32"
"SWE","LABR","CTOTAL","EXT","MAIN","STANandBTD"
"SWE","LABR","CTOTAL","EXT","SEC","STANandBTDi4"
"SWE","LABR","CTOTAL","DET","MAIN","PATCHEXT"
"SWE","LABR","CTOTAL","DET","SEC","INDSTAT32"
"TUR","VALU","CTOTAL","EXT","MAIN","STANandBTD"
"TUR","VALU","CTOTAL","EXT","SEC","STANandBTDi4"
"TUR","VALU","CTOTAL","DET","MAIN","UNDATA203CON"
"TUR","VALU","CTOTAL","DET","SEC","INDSTAT32"
"TUR","PROD","CTOTAL","EXT","MAIN","STANandBTD"
"TUR","PROD","CTOTAL","EXT","SEC","STANandBTDi4"
"TUR","PROD","CTOTAL","DET","MAIN","UNDATA203CON"
"TUR","PROD","CTOTAL","DET","SEC","INDSTAT32"
"TUR","EMPN","CTOTAL","EXT","MAIN","STANandBTD"
"TUR","EMPN","CTOTAL","EXT","SEC","STANandBTDi4"
"TUR","EMPN","CTOTAL","DET","MAIN","PATCHEXT"
"TUR","EMPN","CTOTAL","DET","SEC","INDSTAT32"
"TUR","LABR","CTOTAL","EXT","MAIN","STANandBTD"
"TUR","LABR","CTOTAL","EXT","SEC","STANandBTDi4"
"TUR","LABR","CTOTAL","DET","MAIN","PATCHEXT"
"TUR","LABR","CTOTAL","DET","SEC","INDSTAT32"
"USA","VALU","CTOTAL","EXT","MAIN","STANandBTD"
"USA","VALU","CTOTAL","EXT","SEC","STANandBTDi4"
"USA","VALU","CTOTAL","DET","MAIN","PATCHEXT"
"USA","VALU","CTOTAL","DET","SEC","INDSTAT32"
"USA","PROD","CTOTAL","EXT","MAIN","STANandBTD"
"USA","PROD","CTOTAL","EXT","SEC","STANandBTDi4"
"USA","PROD","CTOTAL","DET","MAIN","PATCHEXT"
"USA","PROD","CTOTAL","DET","SEC","INDSTAT32"
"USA","EMPN","CTOTAL","EXT","MAIN","STANandBTD"
"USA","EMPN","CTOTAL","EXT","SEC","STANandBTDi4"
"USA","EMPN","CTOTAL","DET","MAIN","PATCHEXT"
"USA","EMPN","CTOTAL","DET","SEC","INDSTAT32"
"USA","LABR","CTOTAL","EXT","MAIN","STANandBTD"
"USA","LABR","CTOTAL","EXT","SEC","STANandBTDi4"
"USA","LABR","CTOTAL","DET","MAIN","PATCHEXT"
"USA","LABR","CTOTAL","DET","SEC","INDSTAT32"
"ARG","VALU","CTOTAL","EXT","MAIN","UNDATA203CON"
"ARG","VALU","CTOTAL","EXT","SEC","UNSDSNA2013"
"ARG","VALU","CTOTAL","DET","MAIN","UNDATA203CON"
"ARG","VALU","CTOTAL","DET","SEC","INDSTAT32"
"ARG","PROD","CTOTAL","EXT","MAIN","UNDATA203CON"
"ARG","PROD","CTOTAL","EXT","SEC","UNSDSNA2013"
"ARG","PROD","CTOTAL","DET","MAIN","UNDATA203CON"
"ARG","PROD","CTOTAL","DET","SEC","INDSTAT32"
"ARG","EMPN","CTOTAL","EXT","MAIN",""
"ARG","EMPN","CTOTAL","EXT","SEC",""
"ARG","EMPN","CTOTAL","DET","MAIN","UNDATA203CON"
"ARG","EMPN","CTOTAL","DET","SEC","INDSTAT32"
"ARG","LABR","CTOTAL","EXT","MAIN",""
"ARG","LABR","CTOTAL","EXT","SEC",""
"ARG","LABR","CTOTAL","DET","MAIN","UNDATA203CON"
"ARG","LABR","CTOTAL","DET","SEC","INDSTAT32"
"BGR","VALU","CTOTAL","EXT","MAIN","UNDATA203CON"
"BGR","VALU","CTOTAL","EXT","SEC","UNSDSNA2013"
"BGR","VALU","CTOTAL","DET","MAIN","UNDATA203CON"
"BGR","VALU","CTOTAL","DET","SEC","INDSTAT32"
"BGR","PROD","CTOTAL","EXT","MAIN","UNDATA203CON"
"BGR","PROD","CTOTAL","EXT","SEC","UNSDSNA2013"
"BGR","PROD","CTOTAL","DET","MAIN","UNDATA203CON"
"BGR","PROD","CTOTAL","DET","SEC","INDSTAT32"
"BGR","EMPN","CTOTAL","EXT","MAIN",""
"BGR","EMPN","CTOTAL","EXT","SEC",""
"BGR","EMPN","CTOTAL","DET","MAIN","UNDATA203CON"
"BGR","EMPN","CTOTAL","DET","SEC","INDSTAT32"
"BGR","LABR","CTOTAL","EXT","MAIN",""
"BGR","LABR","CTOTAL","EXT","SEC",""
"BGR","LABR","CTOTAL","DET","MAIN","UNDATA203CON"
"BGR","LABR","CTOTAL","DET","SEC","INDSTAT32"
"BRA","VALU","CTOTAL","EXT","MAIN","UNDATA203CON"
"BRA","VALU","CTOTAL","EXT","SEC","UNSDSNA2013"
"BRA","VALU","CTOTAL","DET","MAIN","UNDATA203CON"
"BRA","VALU","CTOTAL","DET","SEC","INDSTAT32"
"BRA","PROD","CTOTAL","EXT","MAIN","UNDATA203CON"
"BRA","PROD","CTOTAL","EXT","SEC","UNSDSNA2013"
"BRA","PROD","CTOTAL","DET","MAIN","UNDATA203CON"
"BRA","PROD","CTOTAL","DET","SEC","INDSTAT32"
"BRA","EMPN","CTOTAL","EXT","MAIN",""
"BRA","EMPN","CTOTAL","EXT","SEC",""
"BRA","EMPN","CTOTAL","DET","MAIN","UNDATA203CON"
"BRA","EMPN","CTOTAL","DET","SEC","INDSTAT32"
"BRA","LABR","CTOTAL","EXT","MAIN",""
"BRA","LABR","CTOTAL","EXT","SEC",""
"BRA","LABR","CTOTAL","DET","MAIN","UNDATA203CON"
"BRA","LABR","CTOTAL","DET","SEC","INDSTAT32"
"BRN","VALU","CTOTAL","EXT","MAIN","NSONAPATCH"
"BRN","VALU","CTOTAL","EXT","SEC","UNSDSNA2013"
"BRN","VALU","CTOTAL","DET","MAIN","NSONAPATCH"
"BRN","VALU","CTOTAL","DET","SEC","INDSTAT32"
"BRN","PROD","CTOTAL","EXT","MAIN","NSONAPATCH"
"BRN","PROD","CTOTAL","EXT","SEC","UNSDSNA2013"
"BRN","PROD","CTOTAL","DET","MAIN","NSONAPATCH"
"BRN","PROD","CTOTAL","DET","SEC","INDSTAT32"
"BRN","EMPN","CTOTAL","EXT","MAIN",""
"BRN","EMPN","CTOTAL","EXT","SEC",""
"BRN","EMPN","CTOTAL","DET","MAIN","UNDATA203CON"
"BRN","EMPN","CTOTAL","DET","SEC","INDSTAT32"
"BRN","LABR","CTOTAL","EXT","MAIN",""
"BRN","LABR","CTOTAL","EXT","SEC",""
"BRN","LABR","CTOTAL","DET","MAIN","UNDATA203CON"
"BRN","LABR","CTOTAL","DET","SEC","INDSTAT32"
"CHN","VALU","CTOTAL","EXT","MAIN","UNSDSNA2013"
"CHN","VALU","CTOTAL","EXT","SEC",""
"CHN","VALU","CTOTAL","DET","MAIN","UNSDSNA2013"
"CHN","VALU","CTOTAL","DET","SEC","INDSTAT32"
"CHN","PROD","CTOTAL","EXT","MAIN","UNSDSNA2013"
"CHN","PROD","CTOTAL","EXT","SEC",""
"CHN","PROD","CTOTAL","DET","MAIN","UNSDSNA2013"
"CHN","PROD","CTOTAL","DET","SEC","INDSTAT32"
"CHN","EMPN","CTOTAL","EXT","MAIN",""
"CHN","EMPN","CTOTAL","EXT","SEC",""
"CHN","EMPN","CTOTAL","DET","MAIN","UNDATA203CON"
"CHN","EMPN","CTOTAL","DET","SEC","INDSTAT32"
"CHN","LABR","CTOTAL","EXT","MAIN",""
"CHN","LABR","CTOTAL","EXT","SEC",""
"CHN","LABR","CTOTAL","DET","MAIN","UNDATA203CON"
"CHN","LABR","CTOTAL","DET","SEC","INDSTAT32"
"COL","VALU","CTOTAL","EXT","MAIN","UNDATA203CON"
"COL","VALU","CTOTAL","EXT","SEC","UNSDSNA2013"
"COL","VALU","CTOTAL","DET","MAIN","UNDATA203CON"
"COL","VALU","CTOTAL","DET","SEC","INDSTAT32"
"COL","PROD","CTOTAL","EXT","MAIN","UNDATA203CON"
"COL","PROD","CTOTAL","EXT","SEC","UNSDSNA2013"
"COL","PROD","CTOTAL","DET","MAIN","UNDATA203CON"
"COL","PROD","CTOTAL","DET","SEC","INDSTAT32"
"COL","EMPN","CTOTAL","EXT","MAIN",""
"COL","EMPN","CTOTAL","EXT","SEC",""
"COL","EMPN","CTOTAL","DET","MAIN","UNDATA203CON"
"COL","EMPN","CTOTAL","DET","SEC","INDSTAT32"
"COL","LABR","CTOTAL","EXT","MAIN",""
"COL","LABR","CTOTAL","EXT","SEC",""
"COL","LABR","CTOTAL","DET","MAIN","UNDATA203CON"
"COL","LABR","CTOTAL","DET","SEC","INDSTAT32"
"CRI","VALU","CTOTAL","EXT","MAIN","UNDATA203CON"
"CRI","VALU","CTOTAL","EXT","SEC","UNSDSNA2013"
"CRI","VALU","CTOTAL","DET","MAIN","UNDATA203CON"
"CRI","VALU","CTOTAL","DET","SEC","INDSTAT32"
"CRI","PROD","CTOTAL","EXT","MAIN","UNDATA203CON"
"CRI","PROD","CTOTAL","EXT","SEC","UNSDSNA2013"
"CRI","PROD","CTOTAL","DET","MAIN","UNDATA203CON"
"CRI","PROD","CTOTAL","DET","SEC","INDSTAT32"
"CRI","EMPN","CTOTAL","EXT","MAIN",""
"CRI","EMPN","CTOTAL","EXT","SEC",""
"CRI","EMPN","CTOTAL","DET","MAIN","UNDATA203CON"
"CRI","EMPN","CTOTAL","DET","SEC","INDSTAT32"
"CRI","LABR","CTOTAL","EXT","MAIN",""
"CRI","LABR","CTOTAL","EXT","SEC",""
"CRI","LABR","CTOTAL","DET","MAIN","UNDATA203CON"
"CRI","LABR","CTOTAL","DET","SEC","INDSTAT32"
"CYP","VALU","CTOTAL","EXT","MAIN","UNDATA203CON"
"CYP","VALU","CTOTAL","EXT","SEC","UNSDSNA2013"
"CYP","VALU","CTOTAL","DET","MAIN","UNDATA203CON"
"CYP","VALU","CTOTAL","DET","SEC","INDSTAT32"
"CYP","PROD","CTOTAL","EXT","MAIN","UNDATA203CON"
"CYP","PROD","CTOTAL","EXT","SEC","UNSDSNA2013"
"CYP","PROD","CTOTAL","DET","MAIN","UNDATA203CON"
"CYP","PROD","CTOTAL","DET","SEC","INDSTAT32"
"CYP","EMPN","CTOTAL","EXT","MAIN",""
"CYP","EMPN","CTOTAL","EXT","SEC",""
"CYP","EMPN","CTOTAL","DET","MAIN","UNDATA203CON"
"CYP","EMPN","CTOTAL","DET","SEC","INDSTAT32"
"CYP","LABR","CTOTAL","EXT","MAIN",""
"CYP","LABR","CTOTAL","EXT","SEC",""
"CYP","LABR","CTOTAL","DET","MAIN","UNDATA203CON"
"CYP","LABR","CTOTAL","DET","SEC","INDSTAT32"
"HKG","VALU","CTOTAL","EXT","MAIN","UNDATA203CON"
"HKG","VALU","CTOTAL","EXT","SEC","UNSDSNA2013"
"HKG","VALU","CTOTAL","DET","MAIN","UNDATA203CON"
"HKG","VALU","CTOTAL","DET","SEC","INDSTAT32"
"HKG","PROD","CTOTAL","EXT","MAIN","UNDATA203CON"
"HKG","PROD","CTOTAL","EXT","SEC","UNSDSNA2013"
"HKG","PROD","CTOTAL","DET","MAIN","UNDATA203CON"
"HKG","PROD","CTOTAL","DET","SEC","INDSTAT32"
"HKG","EMPN","CTOTAL","EXT","MAIN",""
"HKG","EMPN","CTOTAL","EXT","SEC",""
"HKG","EMPN","CTOTAL","DET","MAIN","UNDATA203CON"
"HKG","EMPN","CTOTAL","DET","SEC","INDSTAT32"
"HKG","LABR","CTOTAL","EXT","MAIN",""
"HKG","LABR","CTOTAL","EXT","SEC",""
"HKG","LABR","CTOTAL","DET","MAIN","UNDATA203CON"
"HKG","LABR","CTOTAL","DET","SEC","INDSTAT32"
"HRV","VALU","CTOTAL","EXT","MAIN","UNDATA203CON"
"HRV","VALU","CTOTAL","EXT","SEC","UNSDSNA2013"
"HRV","VALU","CTOTAL","DET","MAIN","UNDATA203CON"
"HRV","VALU","CTOTAL","DET","SEC","INDSTAT32"
"HRV","PROD","CTOTAL","EXT","MAIN","UNDATA203CON"
"HRV","PROD","CTOTAL","EXT","SEC","UNSDSNA2013"
"HRV","PROD","CTOTAL","DET","MAIN","UNDATA203CON"
"HRV","PROD","CTOTAL","DET","SEC","INDSTAT32"
"HRV","EMPN","CTOTAL","EXT","MAIN",""
"HRV","EMPN","CTOTAL","EXT","SEC",""
"HRV","EMPN","CTOTAL","DET","MAIN","UNDATA203CON"
"HRV","EMPN","CTOTAL","DET","SEC","INDSTAT32"
"HRV","LABR","CTOTAL","EXT","MAIN",""
"HRV","LABR","CTOTAL","EXT","SEC",""
"HRV","LABR","CTOTAL","DET","MAIN","UNDATA203CON"
"HRV","LABR","CTOTAL","DET","SEC","INDSTAT32"
"IDN","VALU","CTOTAL","EXT","MAIN","UNSDSNA2013"
"IDN","VALU","CTOTAL","EXT","SEC",""
"IDN","VALU","CTOTAL","DET","MAIN","UNSDSNA2013"
"IDN","VALU","CTOTAL","DET","SEC","INDSTAT32"
"IDN","PROD","CTOTAL","EXT","MAIN","UNSDSNA2013"
"IDN","PROD","CTOTAL","EXT","SEC",""
"IDN","PROD","CTOTAL","DET","MAIN","UNSDSNA2013"
"IDN","PROD","CTOTAL","DET","SEC","INDSTAT32"
"IDN","EMPN","CTOTAL","EXT","MAIN",""
"IDN","EMPN","CTOTAL","EXT","SEC",""
"IDN","EMPN","CTOTAL","DET","MAIN","UNDATA203CON"
"IDN","EMPN","CTOTAL","DET","SEC","INDSTAT32"
"IDN","LABR","CTOTAL","EXT","MAIN",""
"IDN","LABR","CTOTAL","EXT","SEC",""
"IDN","LABR","CTOTAL","DET","MAIN","UNDATA203CON"
"IDN","LABR","CTOTAL","DET","SEC","INDSTAT32"
"IND","VALU","CTOTAL","EXT","MAIN","UNDATA203CON"
"IND","VALU","CTOTAL","EXT","SEC","UNSDSNA2013"
"IND","VALU","CTOTAL","DET","MAIN","UNDATA203CON"
"IND","VALU","CTOTAL","DET","SEC","INDSTAT32"
"IND","PROD","CTOTAL","EXT","MAIN","UNDATA203CON"
"IND","PROD","CTOTAL","EXT","SEC","UNSDSNA2013"
"IND","PROD","CTOTAL","DET","MAIN","UNDATA203CON"
"IND","PROD","CTOTAL","DET","SEC","INDSTAT32"
"IND","EMPN","CTOTAL","EXT","MAIN",""
"IND","EMPN","CTOTAL","EXT","SEC",""
"IND","EMPN","CTOTAL","DET","MAIN","UNDATA203CON"
"IND","EMPN","CTOTAL","DET","SEC","INDSTAT32"
"IND","LABR","CTOTAL","EXT","MAIN",""
"IND","LABR","CTOTAL","EXT","SEC",""
"IND","LABR","CTOTAL","DET","MAIN","UNDATA203CON"
"IND","LABR","CTOTAL","DET","SEC","INDSTAT32"
"KHM","VALU","CTOTAL","EXT","MAIN","UNSDSNA2013"
"KHM","VALU","CTOTAL","EXT","SEC",""
"KHM","VALU","CTOTAL","DET","MAIN","UNSDSNA2013"
"KHM","VALU","CTOTAL","DET","SEC","INDSTAT32"
"KHM","PROD","CTOTAL","EXT","MAIN","UNSDSNA2013"
"KHM","PROD","CTOTAL","EXT","SEC",""
"KHM","PROD","CTOTAL","DET","MAIN","UNSDSNA2013"
"KHM","PROD","CTOTAL","DET","SEC","INDSTAT32"
"KHM","EMPN","CTOTAL","EXT","MAIN",""
"KHM","EMPN","CTOTAL","EXT","SEC",""
"KHM","EMPN","CTOTAL","DET","MAIN","UNDATA203CON"
"KHM","EMPN","CTOTAL","DET","SEC","INDSTAT32"
"KHM","LABR","CTOTAL","EXT","MAIN",""
"KHM","LABR","CTOTAL","EXT","SEC",""
"KHM","LABR","CTOTAL","DET","MAIN","UNDATA203CON"
"KHM","LABR","CTOTAL","DET","SEC","INDSTAT32"
"LTU","VALU","CTOTAL","EXT","MAIN","UNDATA203CON"
"LTU","VALU","CTOTAL","EXT","SEC","UNSDSNA2013"
"LTU","VALU","CTOTAL","DET","MAIN","UNDATA203CON"
"LTU","VALU","CTOTAL","DET","SEC","INDSTAT32"
"LTU","PROD","CTOTAL","EXT","MAIN","UNDATA203CON"
"LTU","PROD","CTOTAL","EXT","SEC","UNSDSNA2013"
"LTU","PROD","CTOTAL","DET","MAIN","UNDATA203CON"
"LTU","PROD","CTOTAL","DET","SEC","INDSTAT32"
"LTU","EMPN","CTOTAL","EXT","MAIN",""
"LTU","EMPN","CTOTAL","EXT","SEC",""
"LTU","EMPN","CTOTAL","DET","MAIN","UNDATA203CON"
"LTU","EMPN","CTOTAL","DET","SEC","INDSTAT32"
"LTU","LABR","CTOTAL","EXT","MAIN",""
"LTU","LABR","CTOTAL","EXT","SEC",""
"LTU","LABR","CTOTAL","DET","MAIN","UNDATA203CON"
"LTU","LABR","CTOTAL","DET","SEC","INDSTAT32"
"LVA","VALU","CTOTAL","EXT","MAIN","UNDATA203CON"
"LVA","VALU","CTOTAL","EXT","SEC","UNSDSNA2013"
"LVA","VALU","CTOTAL","DET","MAIN","UNDATA203CON"
"LVA","VALU","CTOTAL","DET","SEC","INDSTAT32"
"LVA","PROD","CTOTAL","EXT","MAIN","UNDATA203CON"
"LVA","PROD","CTOTAL","EXT","SEC","UNSDSNA2013"
"LVA","PROD","CTOTAL","DET","MAIN","UNDATA203CON"
"LVA","PROD","CTOTAL","DET","SEC","INDSTAT32"
"LVA","EMPN","CTOTAL","EXT","MAIN",""
"LVA","EMPN","CTOTAL","EXT","SEC",""
"LVA","EMPN","CTOTAL","DET","MAIN","UNDATA203CON"
"LVA","EMPN","CTOTAL","DET","SEC","INDSTAT32"
"LVA","LABR","CTOTAL","EXT","MAIN",""
"LVA","LABR","CTOTAL","EXT","SEC",""
"LVA","LABR","CTOTAL","DET","MAIN","UNDATA203CON"
"LVA","LABR","CTOTAL","DET","SEC","INDSTAT32"
"MLT","VALU","CTOTAL","EXT","MAIN","UNDATA203CON"
"MLT","VALU","CTOTAL","EXT","SEC","UNSDSNA2013"
"MLT","VALU","CTOTAL","DET","MAIN","UNDATA203CON"
"MLT","VALU","CTOTAL","DET","SEC","INDSTAT32"
"MLT","PROD","CTOTAL","EXT","MAIN","UNDATA203CON"
"MLT","PROD","CTOTAL","EXT","SEC","UNSDSNA2013"
"MLT","PROD","CTOTAL","DET","MAIN","UNDATA203CON"
"MLT","PROD","CTOTAL","DET","SEC","INDSTAT32"
"MLT","EMPN","CTOTAL","EXT","MAIN",""
"MLT","EMPN","CTOTAL","EXT","SEC",""
"MLT","EMPN","CTOTAL","DET","MAIN","UNDATA203CON"
"MLT","EMPN","CTOTAL","DET","SEC","INDSTAT32"
"MLT","LABR","CTOTAL","EXT","MAIN",""
"MLT","LABR","CTOTAL","EXT","SEC",""
"MLT","LABR","CTOTAL","DET","MAIN","UNDATA203CON"
"MLT","LABR","CTOTAL","DET","SEC","INDSTAT32"
"MYS","VALU","CTOTAL","EXT","MAIN","NSONAPATCH"
"MYS","VALU","CTOTAL","EXT","SEC","UNSDSNA2013"
"MYS","VALU","CTOTAL","DET","MAIN","NSONAPATCH"
"MYS","VALU","CTOTAL","DET","SEC","INDSTAT32"
"MYS","PROD","CTOTAL","EXT","MAIN","NSONAPATCH"
"MYS","PROD","CTOTAL","EXT","SEC","UNSDSNA2013"
"MYS","PROD","CTOTAL","DET","MAIN","NSONAPATCH"
"MYS","PROD","CTOTAL","DET","SEC","INDSTAT32"
"MYS","EMPN","CTOTAL","EXT","MAIN",""
"MYS","EMPN","CTOTAL","EXT","SEC",""
"MYS","EMPN","CTOTAL","DET","MAIN","UNDATA203CON"
"MYS","EMPN","CTOTAL","DET","SEC","INDSTAT32"
"MYS","LABR","CTOTAL","EXT","MAIN",""
"MYS","LABR","CTOTAL","EXT","SEC",""
"MYS","LABR","CTOTAL","DET","MAIN","UNDATA203CON"
"MYS","LABR","CTOTAL","DET","SEC","INDSTAT32"
"PHL","VALU","CTOTAL","EXT","MAIN","UNDATA203CON"
"PHL","VALU","CTOTAL","EXT","SEC","UNSDSNA2013"
"PHL","VALU","CTOTAL","DET","MAIN","UNDATA203CON"
"PHL","VALU","CTOTAL","DET","SEC","INDSTAT32"
"PHL","PROD","CTOTAL","EXT","MAIN","UNDATA203CON"
"PHL","PROD","CTOTAL","EXT","SEC","UNSDSNA2013"
"PHL","PROD","CTOTAL","DET","MAIN","UNDATA203CON"
"PHL","PROD","CTOTAL","DET","SEC","INDSTAT32"
"PHL","EMPN","CTOTAL","EXT","MAIN",""
"PHL","EMPN","CTOTAL","EXT","SEC",""
"PHL","EMPN","CTOTAL","DET","MAIN","UNDATA203CON"
"PHL","EMPN","CTOTAL","DET","SEC","INDSTAT32"
"PHL","LABR","CTOTAL","EXT","MAIN",""
"PHL","LABR","CTOTAL","EXT","SEC",""
"PHL","LABR","CTOTAL","DET","MAIN","UNDATA203CON"
"PHL","LABR","CTOTAL","DET","SEC","INDSTAT32"
"ROU","VALU","CTOTAL","EXT","MAIN","UNDATA203CON"
"ROU","VALU","CTOTAL","EXT","SEC","UNSDSNA2013"
"ROU","VALU","CTOTAL","DET","MAIN","UNDATA203CON"
"ROU","VALU","CTOTAL","DET","SEC","INDSTAT32"
"ROU","PROD","CTOTAL","EXT","MAIN","UNDATA203CON"
"ROU","PROD","CTOTAL","EXT","SEC","UNSDSNA2013"
"ROU","PROD","CTOTAL","DET","MAIN","UNDATA203CON"
"ROU","PROD","CTOTAL","DET","SEC","INDSTAT32"
"ROU","EMPN","CTOTAL","EXT","MAIN",""
"ROU","EMPN","CTOTAL","EXT","SEC",""
"ROU","EMPN","CTOTAL","DET","MAIN","UNDATA203CON"
"ROU","EMPN","CTOTAL","DET","SEC","INDSTAT32"
"ROU","LABR","CTOTAL","EXT","MAIN",""
"ROU","LABR","CTOTAL","EXT","SEC",""
"ROU","LABR","CTOTAL","DET","MAIN","UNDATA203CON"
"ROU","LABR","CTOTAL","DET","SEC","INDSTAT32"
"RUS","VALU","CTOTAL","EXT","MAIN","UNDATA203CON"
"RUS","VALU","CTOTAL","EXT","SEC","UNSDSNA2013"
"RUS","VALU","CTOTAL","DET","MAIN","UNDATA203CON"
"RUS","VALU","CTOTAL","DET","SEC","INDSTAT32"
"RUS","PROD","CTOTAL","EXT","MAIN","UNDATA203CON"
"RUS","PROD","CTOTAL","EXT","SEC","UNSDSNA2013"
"RUS","PROD","CTOTAL","DET","MAIN","UNDATA203CON"
"RUS","PROD","CTOTAL","DET","SEC","INDSTAT32"
"RUS","EMPN","CTOTAL","EXT","MAIN",""
"RUS","EMPN","CTOTAL","EXT","SEC",""
"RUS","EMPN","CTOTAL","DET","MAIN","UNDATA203CON"
"RUS","EMPN","CTOTAL","DET","SEC","INDSTAT32"
"RUS","LABR","CTOTAL","EXT","MAIN",""
"RUS","LABR","CTOTAL","EXT","SEC",""
"RUS","LABR","CTOTAL","DET","MAIN","UNDATA203CON"
"RUS","LABR","CTOTAL","DET","SEC","INDSTAT32"
"SAU","VALU","CTOTAL","EXT","MAIN","UNDATA203CON"
"SAU","VALU","CTOTAL","EXT","SEC","UNSDSNA2013"
"SAU","VALU","CTOTAL","DET","MAIN","UNDATA203CON"
"SAU","VALU","CTOTAL","DET","SEC","INDSTAT32"
"SAU","PROD","CTOTAL","EXT","MAIN","UNDATA203CON"
"SAU","PROD","CTOTAL","EXT","SEC","UNSDSNA2013"
"SAU","PROD","CTOTAL","DET","MAIN","UNDATA203CON"
"SAU","PROD","CTOTAL","DET","SEC","INDSTAT32"
"SAU","EMPN","CTOTAL","EXT","MAIN",""
"SAU","EMPN","CTOTAL","EXT","SEC",""
"SAU","EMPN","CTOTAL","DET","MAIN","UNDATA203CON"
"SAU","EMPN","CTOTAL","DET","SEC","INDSTAT32"
"SAU","LABR","CTOTAL","EXT","MAIN",""
"SAU","LABR","CTOTAL","EXT","SEC",""
"SAU","LABR","CTOTAL","DET","MAIN","UNDATA203CON"
"SAU","LABR","CTOTAL","DET","SEC","INDSTAT32"
"SGP","VALU","CTOTAL","EXT","MAIN","UNSDSNA2013"
"SGP","VALU","CTOTAL","EXT","SEC",""
"SGP","VALU","CTOTAL","DET","MAIN","UNSDSNA2013"
"SGP","VALU","CTOTAL","DET","SEC","INDSTAT32"
"SGP","PROD","CTOTAL","EXT","MAIN","UNSDSNA2013"
"SGP","PROD","CTOTAL","EXT","SEC",""
"SGP","PROD","CTOTAL","DET","MAIN","UNSDSNA2013"
"SGP","PROD","CTOTAL","DET","SEC","INDSTAT32"
"SGP","EMPN","CTOTAL","EXT","MAIN",""
"SGP","EMPN","CTOTAL","EXT","SEC",""
"SGP","EMPN","CTOTAL","DET","MAIN","UNDATA203CON"
"SGP","EMPN","CTOTAL","DET","SEC","INDSTAT32"
"SGP","LABR","CTOTAL","EXT","MAIN",""
"SGP","LABR","CTOTAL","EXT","SEC",""
"SGP","LABR","CTOTAL","DET","MAIN","UNDATA203CON"
"SGP","LABR","CTOTAL","DET","SEC","INDSTAT32"
"THA","VALU","CTOTAL","EXT","MAIN","STANandBTD"
"THA","VALU","CTOTAL","EXT","SEC","STANandBTDi4, UNSDSNA2013, UNDATA203CON"
"THA","VALU","CTOTAL","DET","MAIN","PATCHEXT"
"THA","VALU","CTOTAL","DET","SEC",""
"THA","PROD","CTOTAL","EXT","MAIN","STANandBTD"
"THA","PROD","CTOTAL","EXT","SEC","STANandBTDi4, UNSDSNA2013, UNDATA203CON"
"THA","PROD","CTOTAL","DET","MAIN","PATCHEXT"
"THA","PROD","CTOTAL","DET","SEC",""
"THA","EMPN","CTOTAL","EXT","MAIN",""
"THA","EMPN","CTOTAL","EXT","SEC",""
"THA","EMPN","CTOTAL","DET","MAIN","UNDATA203CON"
"THA","EMPN","CTOTAL","DET","SEC","INDSTAT32"
"THA","LABR","CTOTAL","EXT","MAIN",""
"THA","LABR","CTOTAL","EXT","SEC",""
"THA","LABR","CTOTAL","DET","MAIN","UNDATA203CON"
"THA","LABR","CTOTAL","DET","SEC","INDSTAT32"
"TUN","VALU","CTOTAL","EXT","MAIN","UNSDSNA2013"
"TUN","VALU","CTOTAL","EXT","SEC",""
"TUN","VALU","CTOTAL","DET","MAIN","UNSDSNA2013"
"TUN","VALU","CTOTAL","DET","SEC","INDSTAT32"
"TUN","PROD","CTOTAL","EXT","MAIN","UNSDSNA2013"
"TUN","PROD","CTOTAL","EXT","SEC",""
"TUN","PROD","CTOTAL","DET","MAIN","UNSDSNA2013"
"TUN","PROD","CTOTAL","DET","SEC","INDSTAT32"
"TUN","EMPN","CTOTAL","EXT","MAIN",""
"TUN","EMPN","CTOTAL","EXT","SEC",""
"TUN","EMPN","CTOTAL","DET","MAIN","UNDATA203CON"
"TUN","EMPN","CTOTAL","DET","SEC","INDSTAT32"
"TUN","LABR","CTOTAL","EXT","MAIN",""
"TUN","LABR","CTOTAL","EXT","SEC",""
"TUN","LABR","CTOTAL","DET","MAIN","UNDATA203CON"
"TUN","LABR","CTOTAL","DET","SEC","INDSTAT32"
"TWN","VALU","CTOTAL","EXT","MAIN","UNDATA203CON"
"TWN","VALU","CTOTAL","EXT","SEC","UNSDSNA2013"
"TWN","VALU","CTOTAL","DET","MAIN","UNDATA203CON"
"TWN","VALU","CTOTAL","DET","SEC","INDSTAT32"
"TWN","PROD","CTOTAL","EXT","MAIN","UNDATA203CON"
"TWN","PROD","CTOTAL","EXT","SEC","UNSDSNA2013"
"TWN","PROD","CTOTAL","DET","MAIN","UNDATA203CON"
"TWN","PROD","CTOTAL","DET","SEC","INDSTAT32"
"TWN","EMPN","CTOTAL","EXT","MAIN",""
"TWN","EMPN","CTOTAL","EXT","SEC",""
"TWN","EMPN","CTOTAL","DET","MAIN","UNDATA203CON"
"TWN","EMPN","CTOTAL","DET","SEC","INDSTAT32"
"TWN","LABR","CTOTAL","EXT","MAIN",""
"TWN","LABR","CTOTAL","EXT","SEC",""
"TWN","LABR","CTOTAL","DET","MAIN","UNDATA203CON"
"TWN","LABR","CTOTAL","DET","SEC","INDSTAT32"
"VNM","VALU","CTOTAL","EXT","MAIN","UNSDSNA2013"
"VNM","VALU","CTOTAL","EXT","SEC",""
"VNM","VALU","CTOTAL","DET","MAIN","UNSDSNA2013"
"VNM","VALU","CTOTAL","DET","SEC","INDSTAT32"
"VNM","PROD","CTOTAL","EXT","MAIN","UNSDSNA2013"
"VNM","PROD","CTOTAL","EXT","SEC",""
"VNM","PROD","CTOTAL","DET","MAIN","UNSDSNA2013"
"VNM","PROD","CTOTAL","DET","SEC","INDSTAT32"
"VNM","EMPN","CTOTAL","EXT","MAIN",""
"VNM","EMPN","CTOTAL","EXT","SEC",""
"VNM","EMPN","CTOTAL","DET","MAIN","UNDATA203CON"
"VNM","EMPN","CTOTAL","DET","SEC","INDSTAT32"
"VNM","LABR","CTOTAL","EXT","MAIN",""
"VNM","LABR","CTOTAL","EXT","SEC",""
"VNM","LABR","CTOTAL","DET","MAIN","UNDATA203CON"
"VNM","LABR","CTOTAL","DET","SEC","INDSTAT32"
"ZAF","VALU","CTOTAL","EXT","MAIN","UNDATA203CON"
"ZAF","VALU","CTOTAL","EXT","SEC","UNSDSNA2013"
"ZAF","VALU","CTOTAL","DET","MAIN","UNDATA203CON"
"ZAF","VALU","CTOTAL","DET","SEC","INDSTAT32"
"ZAF","PROD","CTOTAL","EXT","MAIN","UNDATA203CON"
"ZAF","PROD","CTOTAL","EXT","SEC","UNSDSNA2013"
"ZAF","PROD","CTOTAL","DET","MAIN","UNDATA203CON"
"ZAF","PROD","CTOTAL","DET","SEC","INDSTAT32"
"ZAF","EMPN","CTOTAL","EXT","MAIN",""
"ZAF","EMPN","CTOTAL","EXT","SEC",""
"ZAF","EMPN","CTOTAL","DET","MAIN","UNDATA203CON"
"ZAF","EMPN","CTOTAL","DET","SEC","INDSTAT32"
"ZAF","LABR","CTOTAL","EXT","MAIN",""
"ZAF","LABR","CTOTAL","EXT","SEC",""
"ZAF","LABR","CTOTAL","DET","MAIN","UNDATA203CON"
"ZAF","LABR","CTOTAL","DET","SEC","INDSTAT32"
